Columns,non-NA,type,mean,std,min,25%,50%,75%,max,value 1,value 2,value 3,value 4,value 5,freq 1,freq 2,freq 3,freq 4,freq 5,freq others,NA
Education_Info1,49999,int64,0.062481249625,0.242029987117,0.0,0.0,0.0,0.0,1.0,0.0,1.0,,,,46875.0,3124.0,,,,0.0,0.0
Education_Info2,49999,object,,,,,,,,E,A,AM,AQ,AN,46875.0,1608.0,1142.0,173.0,124.0,77.0,0.0
Education_Info3,49999,object,,,,,,,,E,毕业,结业,,,46875.0,3021.0,103.0,,,0.0,0.0
Education_Info4,49999,object,,,,,,,,E,T,F,AR,V,46875.0,2320.0,493.0,126.0,108.0,77.0,0.0
Education_Info5,49999,int64,0.0322406448129,0.17664033991,0.0,0.0,0.0,0.0,1.0,0.0,1.0,,,,48387.0,1612.0,,,,0.0,0.0
Education_Info6,49999,object,,,,,,,,E,A,AM,AQ,U,48387.0,936.0,542.0,91.0,37.0,6.0,0.0
Education_Info7,49999,object,,,,,,,,E,不详,,,,48387.0,1612.0,,,,0.0,0.0
Education_Info8,49999,object,,,,,,,,E,T,不详,F,V,48387.0,1225.0,181.0,113.0,48.0,45.0,0.0
ListingInfo,49999,datetime64[ns],,,,,,,,2014-09-09 00:00:00,2014-10-14 00:00:00,2014-09-30 00:00:00,2014-10-10 00:00:00,2014-10-24 00:00:00,714.0,627.0,603.0,549.0,513.0,46993.0,0.0
SocialNetwork_1,49999,int64,0.0012600252005,0.0376625690442,0.0,0.0,0.0,0.0,2.0,0.0,1.0,2.0,,,49940.0,55.0,4.0,,,0.0,0.0
SocialNetwork_10,12410,float64,297.467284448,1409.86478123,0.0,24.0,87.0,256.0,72042.0,0.0,1.0,2.0,4.0,5.0,395.0,203.0,178.0,157.0,153.0,11324.0,37589.0
SocialNetwork_11,22,float64,17.3181818182,78.3407613684,0.0,0.0,0.0,0.0,368.0,0.0,6.0,368.0,1.0,2.0,17.0,1.0,1.0,1.0,1.0,1.0,49977.0
SocialNetwork_12,12632,float64,0.00942051931602,0.0966049270538,0.0,0.0,0.0,0.0,1.0,0.0,1.0,,,,12513.0,119.0,,,,0.0,37367.0
SocialNetwork_13,49999,int64,0.220444408888,0.420585675216,0.0,0.0,0.0,0.0,4.0,0,1,2,4,3,39099.0,10781.0,117.0,1.0,1.0,0.0,0.0
SocialNetwork_14,49999,int64,0.0618612372247,0.242230491247,0.0,0.0,0.0,0.0,3.0,0.0,1.0,2.0,3.0,,46921.0,3064.0,13.0,1.0,,0.0,0.0
SocialNetwork_15,49999,int64,0.0279805596112,0.164918743234,0.0,0.0,0.0,0.0,1.0,0.0,1.0,,,,48600.0,1399.0,,,,0.0,0.0
SocialNetwork_16,49999,int64,0.0168403368067,0.128674282633,0.0,0.0,0.0,0.0,1.0,0.0,1.0,,,,49157.0,842.0,,,,0.0,0.0
SocialNetwork_17,49999,int64,0.253565071301,0.437211260912,0.0,0.0,0.0,1.0,3.0,0.0,1.0,2.0,3.0,,37367.0,12587.0,44.0,1.0,,0.0,0.0
SocialNetwork_2,49999,int64,0.0317406348127,0.19832832782,0.0,0.0,0.0,0.0,2.0,0.0,1.0,2.0,,,48627.0,1157.0,215.0,,,0.0,0.0
SocialNetwork_3,1372,float64,2446.57361516,30347.0699564,0.0,9.0,46.0,205.0,1032721.0,1.0,0.0,5.0,3.0,4.0,112.0,39.0,38.0,34.0,32.0,1117.0,48627.0
SocialNetwork_4,1372,float64,222.895772595,396.163463098,0.0,30.0,84.0,215.25,2996.0,0.0,1.0,44.0,30.0,2.0,69.0,15.0,15.0,15.0,14.0,1244.0,48627.0
SocialNetwork_5,1370,float64,374.683941606,1022.0926921,0.0,7.0,62.5,290.0,17494.0,0.0,1.0,2.0,3.0,6.0,125.0,55.0,48.0,39.0,29.0,1074.0,48629.0
SocialNetwork_6,1370,float64,24.4430656934,163.080610905,0.0,0.0,0.0,4.0,4217.0,0.0,1.0,2.0,3.0,4.0,766.0,139.0,76.0,45.0,36.0,308.0,48629.0
SocialNetwork_7,1399,float64,0.072194424589,0.258902110185,0.0,0.0,0.0,0.0,1.0,0.0,1.0,,,,1298.0,101.0,,,,0.0,48600.0
SocialNetwork_8,12366,float64,121.946223516,753.733867384,0.0,35.0,72.0,122.0,56645.0,0.0,1.0,2.0,72.0,46.0,349.0,134.0,114.0,99.0,99.0,11571.0,37633.0
SocialNetwork_9,12383,float64,142.945893564,231.51046159,0.0,30.0,74.0,163.0,3242.0,0.0,2.0,3.0,4.0,5.0,243.0,196.0,156.0,154.0,143.0,11491.0,37616.0
ThirdParty_Info_Period1_1,49703,float64,19.5048789811,32.3019885671,0.0,1.0,7.0,24.0,489.0,0.0,1.0,2.0,3.0,4.0,11343.0,3391.0,2663.0,2083.0,1764.0,28459.0,296.0
ThirdParty_Info_Period1_10,49703,float64,0.98016216325,1.63688053629,0.0,0.0,0.0,1.0,28.0,0.0,1.0,2.0,3.0,4.0,27932.0,10363.0,4938.0,2793.0,1538.0,2139.0,296.0
ThirdParty_Info_Period1_11,49703,float64,13.3132406495,12.635193146,0.0,5.0,10.0,18.0,184.0,4.0,3.0,2.0,5.0,6.0,2615.0,2613.0,2583.0,2540.0,2530.0,36822.0,296.0
ThirdParty_Info_Period1_12,49703,float64,1.30046476068,15.9805692515,0.0,0.0,0.0,0.0,1038.0,0.0,1.0,2.0,3.0,4.0,37310.0,6390.0,2514.0,1097.0,647.0,1745.0,296.0
ThirdParty_Info_Period1_13,49703,float64,15251.0678631,24410.2496185,0.0,3897.0,9379.0,19156.5,1120334.0,0.0,1808.0,1129.0,1460.0,4306.0,690.0,12.0,11.0,11.0,10.0,48969.0,296.0
ThirdParty_Info_Period1_14,49703,float64,13485.990242,22570.7542771,0.0,3732.0,8887.0,17492.5,1616946.0,0.0,10274.0,1731.0,6274.0,1167.0,1892.0,11.0,11.0,10.0,10.0,47769.0,296.0
ThirdParty_Info_Period1_15,49703,float64,1355.33309861,4900.48539342,0.0,0.0,142.0,804.0,334418.0,0.0,21.0,11.0,16.0,30.0,13805.0,150.0,143.0,141.0,137.0,35327.0,296.0
ThirdParty_Info_Period1_16,49703,float64,18852.3240046,31328.1540826,0.0,5360.5,12280.0,24146.0,1832027.0,0.0,1086.0,1709.0,7704.0,2887.0,1265.0,9.0,9.0,9.0,8.0,48403.0,296.0
ThirdParty_Info_Period1_17,49703,float64,8533.74681609,13316.5381152,0.0,1926.0,5115.0,10967.5,709440.0,0.0,977.0,270.0,180.0,1861.0,2071.0,15.0,14.0,14.0,13.0,47576.0,296.0
ThirdParty_Info_Period1_2,49703,float64,14.2240508621,26.3576567007,0.0,0.0,5.0,16.0,999.0,0.0,1.0,2.0,3.0,4.0,12653.0,4073.0,3174.0,2468.0,2097.0,25238.0,296.0
ThirdParty_Info_Period1_3,49703,float64,148.006800394,160.633403539,0.0,45.0,99.0,195.0,3173.0,24.0,35.0,21.0,30.0,18.0,314.0,313.0,309.0,306.0,305.0,48156.0,296.0
ThirdParty_Info_Period1_4,49703,float64,142.135987767,152.355205506,0.0,44.0,97.0,188.0,3653.0,0.0,43.0,30.0,28.0,46.0,1494.0,315.0,307.0,306.0,295.0,46986.0,296.0
ThirdParty_Info_Period1_5,49703,float64,65.7610808201,52.7696784615,1.0,31.0,53.0,86.0,1516.0,30.0,26.0,31.0,32.0,34.0,635.0,627.0,602.0,602.0,592.0,46645.0,296.0
ThirdParty_Info_Period1_6,49703,float64,11.6614490071,36.0911385652,0.0,0.0,3.0,9.0,1597.0,0.0,1.0,2.0,3.0,4.0,13062.0,6155.0,4523.0,3388.0,2712.0,19863.0,296.0
ThirdParty_Info_Period1_7,49703,float64,205.490191739,218.655452188,0.0,64.0,140.0,271.0,6743.0,0.0,35.0,58.0,54.0,63.0,858.0,238.0,234.0,220.0,220.0,47933.0,296.0
ThirdParty_Info_Period1_8,49703,float64,72.9911474156,81.1817246534,0.0,21.0,48.0,97.0,1354.0,0.0,13.0,16.0,12.0,11.0,1669.0,593.0,593.0,566.0,560.0,45722.0,296.0
ThirdParty_Info_Period1_9,49703,float64,2.87348852182,7.62515192307,0.0,0.0,0.0,3.0,398.0,0.0,1.0,2.0,3.0,4.0,27932.0,5460.0,3417.0,2346.0,1762.0,8786.0,296.0
ThirdParty_Info_Period2_1,49467,float64,31.2798835587,45.511454426,0.0,2.0,13.0,42.0,663.0,0.0,1.0,2.0,3.0,4.0,8901.0,2348.0,1874.0,1650.0,1472.0,33222.0,532.0
ThirdParty_Info_Period2_10,49467,float64,1.02613863788,1.66614287425,0.0,0.0,0.0,1.0,26.0,0.0,1.0,2.0,3.0,4.0,27409.0,10032.0,5101.0,2869.0,1711.0,2345.0,532.0
ThirdParty_Info_Period2_11,49467,float64,20.4251723371,15.687617984,0.0,9.0,16.0,27.0,184.0,7.0,8.0,10.0,12.0,11.0,1905.0,1881.0,1868.0,1858.0,1784.0,40171.0,532.0
ThirdParty_Info_Period2_12,49467,float64,2.19702023571,29.1916720749,0.0,0.0,0.0,1.0,2592.0,0.0,1.0,2.0,3.0,4.0,32362.0,8041.0,3421.0,1721.0,1038.0,2884.0,532.0
ThirdParty_Info_Period2_13,49467,float64,24524.7047527,40354.1370958,0.0,8570.5,17069.0,30863.0,3632548.0,0.0,7511.0,20228.0,10649.0,10500.0,538.0,8.0,7.0,7.0,7.0,48900.0,532.0
ThirdParty_Info_Period2_14,49467,float64,21577.1423373,37595.98468,0.0,8028.5,15734.0,27778.0,2534595.0,0.0,5033.0,6334.0,8896.0,11041.0,1814.0,9.0,8.0,8.0,7.0,47621.0,532.0
ThirdParty_Info_Period2_15,49467,float64,2225.09115168,6757.69253873,0.0,60.0,374.0,1574.0,256662.0,0.0,12.0,20.0,35.0,24.0,7445.0,113.0,110.0,109.0,107.0,41583.0,532.0
ThirdParty_Info_Period2_16,49467,float64,29552.7193685,53091.4638569,0.0,10928.5,21319.0,37522.5,3730221.0,0.0,21658.0,21719.0,6780.0,9116.0,1271.0,8.0,8.0,8.0,8.0,48164.0,532.0
ThirdParty_Info_Period2_17,49467,float64,14333.9340773,21537.847558,0.0,4862.5,10002.0,18372.0,1662510.0,0.0,4527.0,6106.0,9023.0,4355.0,1325.0,12.0,11.0,10.0,10.0,48099.0,532.0
ThirdParty_Info_Period2_2,49467,float64,22.1837184386,36.3689628518,0.0,1.0,9.0,27.0,808.0,0.0,1.0,2.0,3.0,4.0,9948.0,2900.0,2370.0,2052.0,1743.0,30454.0,532.0
ThirdParty_Info_Period2_3,49467,float64,239.848262478,210.423698284,0.0,98.0,181.0,316.0,3852.0,84.0,119.0,75.0,80.0,131.0,195.0,185.0,184.0,184.0,181.0,48538.0,532.0
ThirdParty_Info_Period2_4,49467,float64,232.438838013,204.241649699,0.0,95.0,178.0,308.0,3056.0,0.0,96.0,95.0,66.0,123.0,1420.0,190.0,186.0,180.0,179.0,47312.0,532.0
ThirdParty_Info_Period2_5,49467,float64,91.0483756848,64.630405684,1.0,48.0,76.0,117.0,1623.0,50.0,64.0,60.0,51.0,58.0,516.0,491.0,488.0,484.0,480.0,47008.0,532.0
ThirdParty_Info_Period2_6,49467,float64,19.1706996584,50.8872316274,0.0,2.0,6.0,16.0,1768.0,0.0,1.0,2.0,3.0,4.0,6774.0,4793.0,3830.0,3212.0,2912.0,27946.0,532.0
ThirdParty_Info_Period2_7,49467,float64,328.515697334,286.498829947,0.0,134.0,249.0,435.0,3368.0,0.0,147.0,96.0,97.0,104.0,868.0,139.0,135.0,135.0,134.0,48056.0,532.0
ThirdParty_Info_Period2_8,49467,float64,124.600703499,111.369273006,0.0,50.0,95.0,165.0,1824.0,0.0,50.0,59.0,38.0,47.0,924.0,343.0,336.0,335.0,332.0,47197.0,532.0
ThirdParty_Info_Period2_9,49467,float64,3.28461398508,7.90879396295,0.0,0.0,0.0,3.0,232.0,0.0,1.0,2.0,3.0,4.0,27409.0,4793.0,3156.0,2322.0,1866.0,9921.0,532.0
ThirdParty_Info_Period3_1,49014,float64,29.9085363366,45.1952180665,0.0,1.0,12.0,40.0,788.0,0.0,1.0,2.0,3.0,4.0,10479.0,2294.0,1874.0,1584.0,1407.0,31376.0,985.0
ThirdParty_Info_Period3_10,49014,float64,0.850063247235,1.48064116646,0.0,0.0,0.0,1.0,19.0,0.0,1.0,2.0,3.0,4.0,29702.0,9397.0,4441.0,2437.0,1319.0,1718.0,985.0
ThirdParty_Info_Period3_11,49014,float64,20.0665524136,15.7599233582,0.0,9.0,16.0,27.0,161.0,7.0,9.0,11.0,10.0,8.0,1876.0,1875.0,1830.0,1820.0,1795.0,39818.0,985.0
ThirdParty_Info_Period3_12,49014,float64,2.19172073285,29.0361299009,0.0,0.0,0.0,1.0,1999.0,0.0,1.0,2.0,3.0,4.0,32394.0,7760.0,3296.0,1728.0,1037.0,2799.0,985.0
ThirdParty_Info_Period3_13,49014,float64,23955.7114294,43115.5194958,0.0,8103.25,16403.0,30073.5,3805636.0,0.0,1785.0,8158.0,7680.0,7511.0,552.0,8.0,8.0,8.0,8.0,48430.0,985.0
ThirdParty_Info_Period3_14,49014,float64,21023.4018036,37618.248638,0.0,7509.25,15145.0,27107.5,2756774.0,0.0,5698.0,8869.0,9320.0,6033.0,1841.0,9.0,8.0,8.0,8.0,47140.0,985.0
ThirdParty_Info_Period3_15,49014,float64,2183.13079936,6534.03864049,0.0,56.0,368.0,1612.0,262558.0,0.0,10.0,12.0,14.0,19.0,7639.0,121.0,113.0,109.0,108.0,40924.0,985.0
ThirdParty_Info_Period3_16,49014,float64,28700.1568123,58668.6694333,0.0,10199.0,20279.0,36602.75,6077814.0,0.0,12102.0,19126.0,15083.0,20079.0,1293.0,7.0,7.0,7.0,6.0,47694.0,985.0
ThirdParty_Info_Period3_17,49014,float64,14104.9332232,20910.0271683,0.0,4619.0,9786.5,18097.0,1293341.0,0.0,6420.0,4034.0,6495.0,2010.0,1354.0,10.0,10.0,10.0,9.0,47621.0,985.0
ThirdParty_Info_Period3_2,49014,float64,20.4036193741,34.6761349892,0.0,1.0,7.0,25.0,595.0,0.0,1.0,2.0,3.0,4.0,12008.0,2891.0,2392.0,1952.0,1762.0,28009.0,985.0
ThirdParty_Info_Period3_3,49014,float64,235.585812217,209.669404997,0.0,94.0,177.0,311.0,3023.0,70.0,61.0,106.0,92.0,94.0,193.0,185.0,183.0,182.0,181.0,48090.0,985.0
ThirdParty_Info_Period3_4,49014,float64,228.86048884,205.269225062,0.0,91.0,174.0,306.0,2877.0,0.0,102.0,110.0,97.0,132.0,1449.0,181.0,179.0,173.0,172.0,46860.0,985.0
ThirdParty_Info_Period3_5,49014,float64,88.030603501,64.9621122084,1.0,45.0,73.0,113.0,1761.0,44.0,47.0,51.0,50.0,55.0,500.0,492.0,490.0,490.0,482.0,46560.0,985.0
ThirdParty_Info_Period3_6,49014,float64,19.1109478924,50.3731285242,0.0,2.0,6.0,16.0,1508.0,0.0,1.0,2.0,3.0,4.0,6958.0,4699.0,3890.0,3169.0,2704.0,27594.0,985.0
ThirdParty_Info_Period3_7,49014,float64,322.067898968,287.438596308,0.0,127.0,242.0,427.0,4256.0,0.0,149.0,104.0,105.0,152.0,887.0,158.0,137.0,135.0,132.0,47565.0,985.0
ThirdParty_Info_Period3_8,49014,float64,123.267454197,111.376873762,0.0,48.0,93.0,164.0,1888.0,0.0,46.0,37.0,36.0,49.0,946.0,328.0,325.0,318.0,314.0,46783.0,985.0
ThirdParty_Info_Period3_9,49014,float64,2.68898682009,6.95972850663,0.0,0.0,0.0,2.0,225.0,0.0,1.0,2.0,3.0,4.0,29702.0,4585.0,2908.0,2041.0,1620.0,8158.0,985.0
ThirdParty_Info_Period4_1,47668,float64,28.8440463204,45.1164884209,0.0,1.0,10.0,38.0,1506.0,0.0,1.0,2.0,3.0,4.0,11443.0,2197.0,1748.0,1485.0,1315.0,29480.0,2331.0
ThirdParty_Info_Period4_10,47668,float64,0.781761349333,1.42641894826,0.0,0.0,0.0,1.0,19.0,0.0,1.0,2.0,3.0,4.0,30082.0,8745.0,4082.0,2090.0,1191.0,1478.0,2331.0
ThirdParty_Info_Period4_11,47668,float64,19.8545774943,15.7162315973,0.0,9.0,16.0,27.0,174.0,10.0,9.0,8.0,7.0,11.0,1825.0,1779.0,1759.0,1713.0,1701.0,38891.0,2331.0
ThirdParty_Info_Period4_12,47668,float64,2.14647142737,28.596224293,0.0,0.0,0.0,1.0,2322.0,0.0,1.0,2.0,3.0,4.0,31568.0,7442.0,3137.0,1668.0,1048.0,2805.0,2331.0
ThirdParty_Info_Period4_13,47668,float64,23557.8403961,42418.5773487,0.0,7889.0,16119.0,29806.75,3450017.0,0.0,13601.0,10809.0,6780.0,4555.0,532.0,8.0,8.0,7.0,7.0,47106.0,2331.0
ThirdParty_Info_Period4_14,47668,float64,20760.9376521,38317.5944244,0.0,7275.0,14972.5,26735.0,2920840.0,0.0,5889.0,5266.0,3553.0,9656.0,1809.0,8.0,8.0,8.0,8.0,45827.0,2331.0
ThirdParty_Info_Period4_15,47668,float64,2167.02855165,6725.00330455,0.0,50.0,348.0,1584.0,341096.0,0.0,21.0,16.0,18.0,10.0,7848.0,111.0,108.0,107.0,106.0,39388.0,2331.0
ThirdParty_Info_Period4_16,47668,float64,28155.3020475,57664.7274385,0.0,9883.75,19868.5,36016.25,5630251.0,0.0,10884.0,4171.0,9708.0,2212.0,1268.0,8.0,8.0,7.0,7.0,46370.0,2331.0
ThirdParty_Info_Period4_17,47668,float64,14002.6402828,21624.314243,0.0,4536.0,9606.0,18032.75,1705670.0,0.0,5433.0,3410.0,3501.0,7962.0,1334.0,10.0,10.0,9.0,9.0,46296.0,2331.0
ThirdParty_Info_Period4_2,47668,float64,19.3749475539,34.9668378368,0.0,0.0,6.0,23.0,852.0,0.0,1.0,2.0,3.0,4.0,13415.0,2797.0,2174.0,1805.0,1558.0,25919.0,2331.0
ThirdParty_Info_Period4_3,47668,float64,232.878408996,210.493290167,0.0,91.0,175.0,308.0,3611.0,59.0,87.0,66.0,99.0,76.0,184.0,181.0,180.0,178.0,176.0,46769.0,2331.0
ThirdParty_Info_Period4_4,47668,float64,226.942623983,206.284894497,0.0,88.0,173.0,305.0,3446.0,0.0,102.0,66.0,111.0,70.0,1436.0,169.0,169.0,168.0,167.0,45559.0,2331.0
ThirdParty_Info_Period4_5,47668,float64,86.360745154,64.6353051546,1.0,44.0,71.0,112.0,1627.0,52.0,43.0,58.0,36.0,51.0,476.0,476.0,470.0,469.0,461.0,45316.0,2331.0
ThirdParty_Info_Period4_6,47668,float64,18.8544096669,50.7660542396,0.0,2.0,6.0,16.0,1605.0,0.0,1.0,2.0,3.0,4.0,7197.0,4683.0,3845.0,3165.0,2656.0,26122.0,2331.0
ThirdParty_Info_Period4_7,47668,float64,319.265440128,288.828152811,0.0,123.0,240.0,427.0,4856.0,0.0,141.0,96.0,135.0,118.0,887.0,137.0,129.0,128.0,128.0,46259.0,2331.0
ThirdParty_Info_Period4_8,47668,float64,121.701183184,111.392357357,0.0,47.0,92.0,162.0,1676.0,0.0,36.0,47.0,41.0,39.0,949.0,316.0,308.0,307.0,306.0,45482.0,2331.0
ThirdParty_Info_Period4_9,47668,float64,2.41606528489,6.72211897616,0.0,0.0,0.0,2.0,499.0,0.0,1.0,2.0,3.0,4.0,30082.0,4224.0,2765.0,1899.0,1533.0,7165.0,2331.0
ThirdParty_Info_Period5_1,45108,float64,27.7210694334,44.3738504989,0.0,0.0,9.0,36.0,1059.0,0.0,1.0,2.0,3.0,4.0,12014.0,2115.0,1658.0,1365.0,1248.0,26708.0,4891.0
ThirdParty_Info_Period5_10,45108,float64,0.734681209542,1.38105099606,0.0,0.0,0.0,1.0,16.0,0.0,1.0,2.0,3.0,4.0,29221.0,8109.0,3540.0,1924.0,1021.0,1293.0,4891.0
ThirdParty_Info_Period5_11,45108,float64,19.5317460317,15.5496551015,0.0,9.0,16.0,26.0,238.0,11.0,7.0,8.0,10.0,12.0,1761.0,1712.0,1679.0,1645.0,1636.0,36675.0,4891.0
ThirdParty_Info_Period5_12,45108,float64,1.94577458544,25.7404525035,0.0,0.0,0.0,1.0,2443.0,0.0,1.0,2.0,3.0,4.0,29779.0,7072.0,3034.0,1553.0,949.0,2721.0,4891.0
ThirdParty_Info_Period5_13,45108,float64,22880.5396825,36464.2030713,0.0,7728.0,15838.0,29187.25,2896810.0,0.0,5270.0,4628.0,11960.0,7741.0,487.0,8.0,7.0,7.0,7.0,44592.0,4891.0
ThirdParty_Info_Period5_14,45108,float64,20165.6725193,33744.6872349,0.0,7081.0,14662.0,26294.5,3206589.0,0.0,12533.0,2594.0,7019.0,13878.0,1732.0,8.0,7.0,7.0,7.0,43347.0,4891.0
ThirdParty_Info_Period5_15,45108,float64,2072.89376607,6346.43196879,0.0,40.0,317.0,1470.0,290324.0,0.0,18.0,10.0,17.0,12.0,7986.0,115.0,112.0,110.0,110.0,36675.0,4891.0
ThirdParty_Info_Period5_16,45108,float64,27364.1473131,48098.861949,0.0,9602.75,19466.0,35440.0,3813435.0,0.0,14564.0,9411.0,8406.0,11465.0,1205.0,8.0,7.0,7.0,7.0,43874.0,4891.0
ThirdParty_Info_Period5_17,45108,float64,13619.3866055,19948.0668961,0.0,4362.75,9412.5,17618.0,1911268.0,0.0,3222.0,3628.0,7418.0,2884.0,1305.0,10.0,10.0,9.0,9.0,43765.0,4891.0
ThirdParty_Info_Period5_2,45108,float64,18.3187904585,33.950557931,0.0,0.0,5.0,21.0,855.0,0.0,1.0,2.0,3.0,4.0,13994.0,2608.0,2066.0,1634.0,1449.0,23357.0,4891.0
ThirdParty_Info_Period5_3,45108,float64,228.887625255,207.944189482,0.0,89.0,172.0,303.0,3399.0,52.0,64.0,102.0,84.0,65.0,174.0,169.0,167.0,165.0,164.0,44269.0,4891.0
ThirdParty_Info_Period5_4,45108,float64,223.030681919,201.695981218,0.0,85.0,170.0,300.0,2821.0,0.0,68.0,109.0,115.0,133.0,1390.0,170.0,158.0,156.0,156.0,43078.0,4891.0
ThirdParty_Info_Period5_5,45108,float64,84.4838166179,63.9981074557,1.0,43.0,70.0,110.0,1390.0,44.0,56.0,41.0,51.0,57.0,478.0,475.0,467.0,454.0,451.0,42783.0,4891.0
ThirdParty_Info_Period5_6,45108,float64,18.0055422541,48.9795725611,0.0,1.0,5.0,15.0,1458.0,0.0,1.0,2.0,3.0,4.0,7380.0,4564.0,3660.0,3013.0,2569.0,23922.0,4891.0
ThirdParty_Info_Period5_7,45108,float64,315.793384765,285.742432714,0.0,121.0,235.0,423.0,4267.0,0.0,101.0,91.0,92.0,161.0,852.0,129.0,126.0,124.0,121.0,43756.0,4891.0
ThirdParty_Info_Period5_8,45108,float64,118.119380154,108.967149921,0.0,45.0,89.0,157.0,1787.0,0.0,65.0,47.0,58.0,49.0,955.0,309.0,302.0,302.0,300.0,42940.0,4891.0
ThirdParty_Info_Period5_9,45108,float64,2.24363749224,6.26025737129,0.0,0.0,0.0,2.0,284.0,0.0,1.0,2.0,3.0,4.0,29221.0,3887.0,2545.0,1833.0,1267.0,6355.0,4891.0
ThirdParty_Info_Period6_1,36065,float64,26.829945931,43.1478816007,0.0,0.0,8.0,35.0,507.0,0.0,1.0,2.0,3.0,4.0,10235.0,1658.0,1244.0,1067.0,931.0,20930.0,13934.0
ThirdParty_Info_Period6_10,36065,float64,0.702176625537,1.34476703516,0.0,0.0,0.0,1.0,25.0,0.0,1.0,2.0,3.0,4.0,23782.0,6315.0,2774.0,1456.0,774.0,964.0,13934.0
ThirdParty_Info_Period6_11,36065,float64,19.333231665,15.3717152639,0.0,8.0,16.0,26.0,200.0,8.0,6.0,9.0,12.0,10.0,1402.0,1348.0,1334.0,1333.0,1332.0,29316.0,13934.0
ThirdParty_Info_Period6_12,36065,float64,2.0954942465,29.8787752985,0.0,0.0,0.0,1.0,2279.0,0.0,1.0,2.0,3.0,4.0,23941.0,5583.0,2496.0,1201.0,724.0,2120.0,13934.0
ThirdParty_Info_Period6_13,36065,float64,22662.393179,41277.7673305,0.0,7591.0,15546.0,28847.0,3157477.0,0.0,2088.0,14.0,4215.0,10596.0,315.0,8.0,7.0,7.0,6.0,35722.0,13934.0
ThirdParty_Info_Period6_14,36065,float64,20114.1039235,37812.9793517,0.0,7056.0,14481.0,26089.0,3062451.0,0.0,10200.0,12059.0,5597.0,3310.0,1188.0,7.0,7.0,7.0,6.0,34850.0,13934.0
ThirdParty_Info_Period6_15,36065,float64,2019.10458894,6489.67807579,0.0,34.0,286.0,1388.0,290238.0,0.0,21.0,16.0,13.0,28.0,6690.0,103.0,100.0,93.0,91.0,28988.0,13934.0
ThirdParty_Info_Period6_16,36065,float64,27306.1256065,54940.7574191,0.0,9541.0,19267.0,35203.0,3883495.0,0.0,6642.0,5728.0,5507.0,9903.0,899.0,7.0,7.0,6.0,6.0,35140.0,13934.0
ThirdParty_Info_Period6_17,36065,float64,13463.6445584,22335.1615371,0.0,4227.0,9129.0,17271.0,2057102.0,0.0,2420.0,8301.0,2832.0,3039.0,969.0,8.0,8.0,8.0,8.0,35064.0,13934.0
ThirdParty_Info_Period6_2,36065,float64,17.6880354915,33.1581444179,0.0,0.0,5.0,20.0,629.0,0.0,1.0,2.0,3.0,4.0,11965.0,2058.0,1570.0,1284.0,1119.0,18069.0,13934.0
ThirdParty_Info_Period6_3,36065,float64,223.797005407,200.323329683,0.0,88.0,169.0,298.0,2702.0,118.0,71.0,122.0,69.0,73.0,140.0,140.0,140.0,137.0,137.0,35371.0,13934.0
ThirdParty_Info_Period6_4,36065,float64,220.409815611,198.481452824,0.0,84.0,168.0,298.0,2933.0,0.0,84.0,129.0,80.0,119.0,997.0,139.0,135.0,134.0,130.0,34530.0,13934.0
ThirdParty_Info_Period6_5,36065,float64,82.9767087204,61.6675359839,1.0,42.0,69.0,108.0,1241.0,50.0,36.0,46.0,44.0,53.0,402.0,376.0,367.0,365.0,364.0,34191.0,13934.0
ThirdParty_Info_Period6_6,36065,float64,16.8385415223,48.0645353364,0.0,1.0,5.0,14.0,2199.0,0.0,1.0,2.0,3.0,4.0,6294.0,3721.0,3042.0,2404.0,2078.0,18526.0,13934.0
ThirdParty_Info_Period6_7,36065,float64,312.806626924,282.002906531,0.0,120.0,236.0,421.0,3918.0,0.0,122.0,131.0,152.0,107.0,703.0,114.0,106.0,104.0,103.0,34935.0,13934.0
ThirdParty_Info_Period6_8,36065,float64,114.561652572,105.039908909,0.0,44.0,87.0,153.0,1710.0,0.0,41.0,50.0,29.0,26.0,770.0,273.0,252.0,251.0,250.0,34269.0,13934.0
ThirdParty_Info_Period6_9,36065,float64,2.12494107861,6.045076662,0.0,0.0,0.0,2.0,272.0,0.0,1.0,2.0,3.0,4.0,23782.0,3118.0,1913.0,1373.0,1049.0,4830.0,13934.0
ThirdParty_Info_Period7_1,1809,float64,16.5102266446,33.0308087347,0.0,0.0,2.0,16.0,385.0,0.0,1.0,2.0,3.0,4.0,770.0,104.0,75.0,56.0,49.0,755.0,48190.0
ThirdParty_Info_Period7_10,1809,float64,0.655058043118,1.31800755931,0.0,0.0,0.0,1.0,11.0,0.0,1.0,2.0,3.0,4.0,1253.0,269.0,128.0,76.0,37.0,46.0,48190.0
ThirdParty_Info_Period7_11,1809,float64,12.7606412383,13.4716056206,0.0,3.0,9.0,18.0,92.0,0.0,7.0,3.0,6.0,2.0,320.0,86.0,77.0,71.0,69.0,1186.0,48190.0
ThirdParty_Info_Period7_12,1809,float64,1.98673300166,21.7458632216,0.0,0.0,0.0,1.0,571.0,0.0,1.0,2.0,3.0,4.0,1304.0,249.0,82.0,47.0,32.0,95.0,48190.0
ThirdParty_Info_Period7_13,1809,float64,16665.1956882,32886.5886049,0.0,2011.0,9050.0,21596.0,729077.0,0.0,9.0,43.0,67.0,38.0,151.0,6.0,3.0,3.0,3.0,1643.0,48190.0
ThirdParty_Info_Period7_14,1809,float64,13281.5472637,23630.100567,0.0,1129.0,8027.0,17857.0,566007.0,0.0,15.0,21.0,11.0,16.0,213.0,5.0,5.0,4.0,4.0,1578.0,48190.0
ThirdParty_Info_Period7_15,1809,float64,1707.80652294,7554.98855414,0.0,0.0,110.0,937.0,214961.0,0.0,17.0,29.0,22.0,38.0,614.0,8.0,7.0,7.0,7.0,1166.0,48190.0
ThirdParty_Info_Period7_16,1809,float64,18246.6451078,37882.2423758,0.0,1997.0,10631.0,24509.0,996962.0,0.0,4183.0,3741.0,190.0,7598.0,294.0,3.0,2.0,2.0,2.0,1506.0,48190.0
ThirdParty_Info_Period7_17,1809,float64,10004.2316197,16394.7495676,0.0,1111.0,5653.0,13162.0,298627.0,0.0,9.0,21.0,41.0,124.0,113.0,6.0,5.0,5.0,5.0,1675.0,48190.0
ThirdParty_Info_Period7_2,1809,float64,11.9391929243,28.0514432534,0.0,0.0,1.0,11.0,333.0,0.0,1.0,2.0,3.0,4.0,834.0,102.0,84.0,67.0,56.0,666.0,48190.0
ThirdParty_Info_Period7_3,1809,float64,155.414040907,183.965967664,0.0,27.0,97.0,219.0,1402.0,1.0,0.0,2.0,3.0,49.0,124.0,120.0,35.0,21.0,16.0,1493.0,48190.0
ThirdParty_Info_Period7_4,1809,float64,138.907131012,163.264851467,0.0,18.0,89.0,195.0,1182.0,0.0,1.0,2.0,18.0,6.0,181.0,125.0,31.0,13.0,12.0,1447.0,48190.0
ThirdParty_Info_Period7_5,1809,float64,56.2537313433,53.0104271411,1.0,18.0,45.0,79.0,546.0,1.0,2.0,55.0,46.0,31.0,223.0,39.0,25.0,25.0,24.0,1473.0,48190.0
ThirdParty_Info_Period7_6,1809,float64,14.4671088999,41.1486237053,0.0,0.0,2.0,11.0,494.0,0.0,1.0,2.0,3.0,4.0,575.0,201.0,130.0,93.0,78.0,732.0,48190.0
ThirdParty_Info_Period7_7,1809,float64,198.123272526,228.937271027,0.0,31.0,128.0,278.0,1628.0,0.0,1.0,2.0,3.0,110.0,268.0,32.0,15.0,14.0,12.0,1468.0,48190.0
ThirdParty_Info_Period7_8,1809,float64,81.730790492,99.2816563472,0.0,12.0,54.0,115.0,839.0,1.0,0.0,2.0,3.0,13.0,179.0,87.0,50.0,25.0,19.0,1449.0,48190.0
ThirdParty_Info_Period7_9,1809,float64,1.99226091763,5.36261908365,0.0,0.0,0.0,1.0,62.0,0.0,1.0,2.0,3.0,4.0,1253.0,135.0,85.0,51.0,49.0,236.0,48190.0
UserInfo_1,49988,float64,3.21843242378,1.8333992143,0.0,1.0,3.0,5.0,7.0,1.0,3.0,5.0,4.0,6.0,16782.0,9914.0,9789.0,8034.0,4103.0,1366.0,11.0
UserInfo_10,49999,int64,0.311026220524,0.603803948365,0.0,0.0,0.0,0.0,2.0,0.0,1.0,2.0,,,38205.0,8037.0,3757.0,,,0.0,0.0
UserInfo_11,18394,float64,0.0860606719582,0.280461243336,0.0,0.0,0.0,0.0,1.0,0.0,1.0,,,,16811.0,1583.0,,,,0.0,31605.0
UserInfo_12,18394,float64,0.35674676525,0.479052175799,0.0,0.0,0.0,1.0,1.0,0.0,1.0,,,,11832.0,6562.0,,,,0.0,31605.0
UserInfo_13,18394,float64,0.641350440361,0.479617096085,0.0,0.0,1.0,1.0,1.0,1.0,0.0,,,,11797.0,6597.0,,,,0.0,31605.0
UserInfo_14,49999,int64,3.41556831137,1.16992357929,0.0,3.0,3.0,4.0,6.0,3,4,2,5,6,19032.0,11103.0,9627.0,6701.0,2675.0,861.0,0.0
UserInfo_15,49999,int64,3.41910838217,1.1669730717,0.0,3.0,3.0,4.0,6.0,3,4,2,5,6,19136.0,11104.0,9508.0,6756.0,2648.0,847.0,0.0
UserInfo_16,49999,int64,1.60705214104,1.05569865411,0.0,1.0,1.0,2.0,6.0,1,2,6,3,4,30169.0,15590.0,1692.0,1330.0,1215.0,3.0,0.0
UserInfo_17,49999,int64,1.12620252405,0.332080792234,1.0,1.0,1.0,1.0,2.0,1.0,2.0,,,,43689.0,6310.0,,,,0.0,0.0
UserInfo_18,49999,int64,29.7508750175,6.39728497056,0.0,25.0,28.0,33.0,55.0,27,25,26,24,28,3947.0,3787.0,3780.0,3608.0,3430.0,31447.0,0.0
UserInfo_19,49999,object,,,,,,,,山东,广东,福建,四川,江苏,3984.0,3966.0,3393.0,3162.0,3027.0,32467.0,0.0
UserInfo_2,49530,object,,,,,,,,深圳,广州,上海,北京,重庆,1245.0,1150.0,1061.0,928.0,893.0,44253.0,469.0
UserInfo_20,49999,object,,,,,,,,不详,泉州,温州,盐城,漳州,11948.0,766.0,679.0,498.0,407.0,35701.0,0.0
UserInfo_21,49999,int64,0.0698213964279,0.254848323534,0.0,0.0,0.0,0.0,1.0,0.0,1.0,,,,46508.0,3491.0,,,,0.0,0.0
UserInfo_22,49999,object,,,,,,,,D,未婚,已婚,不详,离婚,46508.0,2200.0,761.0,463.0,59.0,8.0,0.0
UserInfo_23,49999,object,,,,,,,,D,G,AB,O,大学本科（简称“大学,46508.0,1018.0,556.0,474.0,282.0,1161.0,0.0
UserInfo_24,49999,object,,,,,,,,D,浙江省温州市苍南县,福建省泉州市安溪县,广东省潮州市潮安县,江苏省南京市鼓楼区,46508.0,8.0,8.0,6.0,6.0,3463.0,0.0
UserInfo_3,49987,float64,4.69404045052,1.32049283579,0.0,4.0,5.0,5.0,7.0,5.0,6.0,4.0,3.0,1.0,23023.0,10032.0,6930.0,5103.0,2809.0,2090.0,12.0
UserInfo_4,49589,object,,,,,,,,深圳,广州,上海,北京,重庆,1405.0,1313.0,1146.0,1084.0,917.0,43724.0,410.0
UserInfo_5,49999,int64,1.65039300786,0.583018860748,1.0,1.0,2.0,2.0,3.0,2.0,1.0,3.0,,,26893.0,20293.0,2813.0,,,0.0,0.0
UserInfo_6,49999,int64,1.65043300866,0.581737826915,1.0,1.0,2.0,2.0,3.0,2.0,1.0,3.0,,,26969.0,20254.0,2776.0,,,0.0,0.0
UserInfo_7,49999,object,,,,,,,,不详,广东,浙江,山东,福建,7005.0,6478.0,3637.0,3470.0,3105.0,26304.0,0.0
UserInfo_8,49999,object,,,,,,,,不详,深圳,广州,北京,东莞,7005.0,1393.0,1301.0,1032.0,825.0,38443.0,0.0
UserInfo_9,49999,object,,,,,,,,中国移动,中国联通,不详,中国电信,,28767.0,8852.0,7005.0,5375.0,,0.0,0.0
WeblogInfo_1,1624,float64,2.12315270936,7.81972518353,1.0,1.0,1.0,1.0,133.0,1.0,2.0,3.0,4.0,5.0,1250.0,210.0,63.0,32.0,16.0,53.0,48375.0
WeblogInfo_10,49999,int64,0.000420008400168,0.0895552589313,0.0,0.0,0.0,0.0,20.0,0.0,20.0,1.0,,,49997.0,1.0,1.0,,,0.0,0.0
WeblogInfo_11,49999,int64,0.00482009640193,0.220632532243,0.0,0.0,0.0,0.0,18.0,0,1,2,3,18,49946.0,24.0,7.0,4.0,3.0,15.0,0.0
WeblogInfo_12,49999,int64,0.0113202264045,0.377991494799,0.0,0.0,0.0,0.0,27.0,0,1,5,2,3,49917.0,18.0,8.0,7.0,7.0,42.0,0.0
WeblogInfo_13,49999,int64,0.00136002720054,0.151522502374,0.0,0.0,0.0,0.0,29.0,0,1,2,29,13,49987.0,5.0,2.0,1.0,1.0,3.0,0.0
WeblogInfo_14,49999,int64,0.77383547671,4.42366741344,0.0,0.0,0.0,0.0,335.0,0,1,2,3,4,45024.0,939.0,605.0,479.0,417.0,2535.0,0.0
WeblogInfo_15,49999,int64,1.02888057761,2.88232167532,0.0,0.0,0.0,1.0,141.0,0,1,2,3,4,35160.0,4654.0,4131.0,1730.0,1328.0,2996.0,0.0
WeblogInfo_16,49999,int64,2.62453249065,4.72394534212,0.0,0.0,1.0,3.0,192.0,0,2,1,3,4,21072.0,6687.0,6374.0,3533.0,3079.0,9254.0,0.0
WeblogInfo_17,49999,int64,5.33578671573,8.19213488534,0.0,1.0,3.0,7.0,356.0,0,2,1,3,4,11943.0,6461.0,4993.0,4290.0,3908.0,18404.0,0.0
WeblogInfo_18,49999,int64,1.65055301106,3.51429413321,0.0,0.0,0.0,2.0,148.0,0,2,1,3,4,27865.0,5972.0,5963.0,2723.0,2253.0,5223.0,0.0
WeblogInfo_19,45106,object,,,,,,,,I,D,F,E,J,36561.0,5930.0,1986.0,315.0,174.0,140.0,4893.0
WeblogInfo_2,47195,float64,0.13346752834,0.360821484803,0.0,0.0,0.0,0.0,4.0,0.0,1.0,2.0,3.0,4.0,41220.0,5668.0,292.0,13.0,2.0,0.0,2804.0
WeblogInfo_20,36645,object,,,,,,,,I5,I4,C21,U,I3,18575.0,4151.0,4078.0,2978.0,2778.0,4085.0,13354.0
WeblogInfo_21,44943,object,,,,,,,,D,A,C,B,,36074.0,6182.0,2603.0,84.0,,0.0,5056.0
WeblogInfo_23,49567,float64,0.00718219783324,0.0908876474053,0.0,0.0,0.0,0.0,3.0,0.0,1.0,2.0,3.0,,49238.0,303.0,25.0,1.0,,0.0,432.0
WeblogInfo_24,49567,float64,0.360017753747,1.32513074686,0.0,0.0,0.0,0.0,24.0,0.0,1.0,3.0,2.0,4.0,44024.0,1778.0,1081.0,880.0,543.0,1261.0,432.0
WeblogInfo_25,49567,float64,0.0263885246232,0.17462636486,0.0,0.0,0.0,0.0,4.0,0.0,1.0,2.0,3.0,4.0,48366.0,1105.0,86.0,9.0,1.0,0.0,432.0
WeblogInfo_26,49567,float64,0.0132749611637,0.116892703791,0.0,0.0,0.0,0.0,3.0,0.0,1.0,2.0,3.0,,48922.0,633.0,11.0,1.0,,0.0,432.0
WeblogInfo_27,49567,float64,0.241733411342,0.898531513297,0.0,0.0,0.0,0.0,28.0,0.0,1.0,2.0,3.0,4.0,43561.0,3570.0,1052.0,528.0,322.0,534.0,432.0
WeblogInfo_28,49567,float64,0.0128714669034,0.123319761065,0.0,0.0,0.0,0.0,4.0,0.0,1.0,2.0,3.0,4.0,48982.0,540.0,38.0,6.0,1.0,0.0,432.0
WeblogInfo_29,49567,float64,0.0248350717211,0.173870541821,0.0,0.0,0.0,0.0,5.0,0.0,1.0,2.0,3.0,5.0,48457.0,1010.0,84.0,13.0,2.0,1.0,432.0
WeblogInfo_3,1624,float64,1.23645320197,7.77752904746,0.0,0.0,0.0,1.0,133.0,0.0,1.0,2.0,3.0,4.0,913.0,602.0,38.0,22.0,8.0,41.0,48375.0
WeblogInfo_30,49567,float64,0.141364214094,0.474131297497,0.0,0.0,0.0,0.0,16.0,0.0,1.0,2.0,3.0,4.0,44021.0,4667.0,559.0,171.0,86.0,63.0,432.0
WeblogInfo_31,49567,float64,0.00338935178647,0.0839631114085,0.0,0.0,0.0,0.0,4.0,0.0,2.0,1.0,4.0,3.0,49475.0,58.0,27.0,4.0,3.0,0.0,432.0
WeblogInfo_32,49567,float64,0.0061734621825,0.0838044128341,0.0,0.0,0.0,0.0,3.0,0.0,1.0,2.0,3.0,,49282.0,265.0,19.0,1.0,,0.0,432.0
WeblogInfo_33,49567,float64,0.306938083806,1.17290494415,0.0,0.0,0.0,0.0,21.0,0.0,1.0,3.0,2.0,4.0,44569.0,1646.0,1042.0,809.0,490.0,1011.0,432.0
WeblogInfo_34,49567,float64,0.0206589061271,0.152772682102,0.0,0.0,0.0,0.0,4.0,0.0,1.0,2.0,3.0,4.0,48612.0,893.0,56.0,5.0,1.0,0.0,432.0
WeblogInfo_35,49567,float64,0.0106522484718,0.104606372159,0.0,0.0,0.0,0.0,2.0,0.0,1.0,2.0,,,49049.0,508.0,10.0,,,0.0,432.0
WeblogInfo_36,49567,float64,0.19567454153,0.77466897757,0.0,0.0,0.0,0.0,28.0,0.0,1.0,2.0,3.0,4.0,44436.0,3156.0,900.0,421.0,263.0,391.0,432.0
WeblogInfo_37,49567,float64,0.0104908507676,0.11043895624,0.0,0.0,0.0,0.0,4.0,0.0,1.0,2.0,3.0,4.0,49085.0,450.0,27.0,4.0,1.0,0.0,432.0
WeblogInfo_38,49567,float64,0.0197712187544,0.150897742961,0.0,0.0,0.0,0.0,3.0,0.0,1.0,2.0,3.0,,48660.0,845.0,51.0,11.0,,0.0,432.0
WeblogInfo_39,49567,float64,0.107047027256,0.418184303239,0.0,0.0,0.0,0.0,16.0,0.0,1.0,2.0,3.0,4.0,45345.0,3584.0,395.0,135.0,57.0,51.0,432.0
WeblogInfo_4,47204,float64,3.04800440641,3.75918318425,1.0,1.0,2.0,3.0,165.0,1.0,2.0,3.0,4.0,5.0,16468.0,12374.0,6850.0,3797.0,2242.0,5473.0,2795.0
WeblogInfo_40,49567,float64,0.00211834486654,0.0664369160459,0.0,0.0,0.0,0.0,4.0,0.0,2.0,1.0,4.0,,49510.0,39.0,15.0,3.0,,0.0,432.0
WeblogInfo_41,49567,float64,0.000363144834265,0.0190530911908,0.0,0.0,0.0,0.0,1.0,0.0,1.0,,,,49549.0,18.0,,,,0.0,432.0
WeblogInfo_42,49567,float64,0.0515867411786,0.442813574745,0.0,0.0,0.0,0.0,12.0,0.0,1.0,3.0,2.0,4.0,48621.0,311.0,247.0,158.0,105.0,125.0,432.0
WeblogInfo_43,49567,float64,0.001371880485,0.0396456462835,0.0,0.0,0.0,0.0,3.0,0.0,1.0,2.0,3.0,,49503.0,61.0,2.0,1.0,,0.0,432.0
WeblogInfo_44,49567,float64,0.000242096556176,0.0155577256879,0.0,0.0,0.0,0.0,1.0,0.0,1.0,,,,49555.0,12.0,,,,0.0,432.0
WeblogInfo_45,49567,float64,0.0119636048177,0.158289589691,0.0,0.0,0.0,0.0,7.0,0.0,1.0,2.0,3.0,4.0,49169.0,281.0,72.0,27.0,8.0,10.0,432.0
WeblogInfo_46,49567,float64,0.000706114955515,0.0273126496914,0.0,0.0,0.0,0.0,2.0,0.0,1.0,2.0,,,49533.0,33.0,1.0,,,0.0,432.0
WeblogInfo_47,49567,float64,0.00153327818912,0.040644911785,0.0,0.0,0.0,0.0,2.0,0.0,1.0,2.0,,,49494.0,70.0,3.0,,,0.0,432.0
WeblogInfo_48,49567,float64,0.0217079912038,0.224792030723,0.0,0.0,0.0,0.0,12.0,0.0,1.0,2.0,3.0,4.0,48888.0,456.0,125.0,55.0,28.0,15.0,432.0
WeblogInfo_49,49567,float64,0.0,0.0,0.0,0.0,0.0,0.0,0.0,0.0,,,,,49567.0,,,,,0.0,432.0
WeblogInfo_5,47204,float64,1.83446318109,1.77850278682,1.0,1.0,1.0,2.0,122.0,1.0,2.0,3.0,4.0,5.0,26667.0,12377.0,4396.0,1750.0,782.0,1232.0,2795.0
WeblogInfo_50,49999,int64,0.012520250405,0.144097456702,0.0,0.0,0.0,0.0,6.0,0,1,2,3,4,49526.0,357.0,93.0,14.0,5.0,4.0,0.0
WeblogInfo_51,49999,int64,0.00960019200384,0.122100100304,0.0,0.0,0.0,0.0,5.0,0,1,2,3,4,49621.0,300.0,61.0,12.0,3.0,2.0,0.0
WeblogInfo_52,49999,int64,0.00178003560071,0.054193625221,0.0,0.0,0.0,0.0,4.0,0,1,2,3,4,49932.0,51.0,11.0,4.0,1.0,0.0,0.0
WeblogInfo_53,49999,int64,0.00636012720254,0.108811870639,0.0,0.0,0.0,0.0,11.0,0,1,2,3,4,49748.0,210.0,29.0,7.0,3.0,2.0,0.0
WeblogInfo_54,49999,int64,0.0055001100022,0.102714027289,0.0,0.0,0.0,0.0,11.0,0,1,2,3,4,49782.0,183.0,24.0,5.0,3.0,2.0,0.0
WeblogInfo_55,49999,int64,0.000780015600312,0.0349204863289,0.0,0.0,0.0,0.0,3.0,0.0,1.0,2.0,3.0,,49969.0,23.0,5.0,2.0,,0.0,0.0
WeblogInfo_56,49999,int64,0.0188803776076,0.180124502121,0.0,0.0,0.0,0.0,11.0,0,1,2,3,4,49275.0,567.0,122.0,21.0,8.0,6.0,0.0
WeblogInfo_57,49999,int64,0.015100302006,0.159226252734,0.0,0.0,0.0,0.0,11.0,0,1,2,3,4,49404.0,483.0,85.0,17.0,6.0,4.0,0.0
WeblogInfo_58,49999,int64,0.00256005120102,0.0644485253006,0.0,0.0,0.0,0.0,4.0,0,1,2,3,4,49902.0,74.0,16.0,6.0,1.0,0.0,0.0
WeblogInfo_6,47204,float64,2.96720616897,3.71729176401,1.0,1.0,2.0,3.0,165.0,1.0,2.0,3.0,4.0,5.0,18214.0,11585.0,6287.0,3605.0,2148.0,5365.0,2795.0
WeblogInfo_7,49999,int64,10.6397527951,16.0009657766,0.0,2.0,6.0,13.0,722.0,0,2,3,4,1,5256.0,5196.0,3934.0,3501.0,3185.0,28927.0,0.0
WeblogInfo_8,49999,int64,0.660533210664,2.64267742138,0.0,0.0,0.0,0.0,81.0,0,2,1,3,4,43685.0,1166.0,1107.0,888.0,650.0,2503.0,0.0
WeblogInfo_9,49999,int64,0.117782355647,1.5922842111,0.0,0.0,0.0,0.0,201.0,0,1,2,3,4,49060.0,287.0,120.0,79.0,63.0,390.0,0.0
target,30000,float64,0.0732666666667,0.260578060447,0.0,0.0,0.0,0.0,1.0,0.0,1.0,,,,27802.0,2198.0,,,,0.0,19999.0
Log_FirstTime,49999,float64,-39.7508350167,124.07550696,-1387.0,-15.0,-9.0,-5.0,0.0,-5.0,-6.0,-4.0,-7.0,-8.0,3891.0,3744.0,3713.0,3577.0,3216.0,31858.0,0.0
Log_Count,49999,float64,19.3290065801,29.0456658189,0.0,9.0,13.0,22.0,1957.0,7.0,8.0,9.0,10.0,11.0,4216.0,4117.0,3423.0,3092.0,2742.0,32409.0,0.0
Log_DayFreq,49999,float64,0.422413150019,0.304453964684,0.0,0.166666666667,0.375,0.666666666667,1.0,1.0,0.5,0.333333333333,0.666666666667,0.25,4583.0,2933.0,2202.0,1834.0,1760.0,36687.0,0.0
Log_Cats,49999,int64,7.91397827957,2.2866634131,0.0,7.0,8.0,9.0,23.0,8,7,9,10,11,15793.0,13737.0,7556.0,3839.0,2073.0,7001.0,0.0
"Log_(-4, 6)",49999,float64,9.46382927659,15.4942069666,0.0,2.0,5.0,12.0,851.0,1.0,0.0,2.0,3.0,4.0,5824.0,5033.0,4881.0,3933.0,3426.0,26902.0,0.0
"Log_(1, 0)",49999,float64,0.805696113922,0.395667811498,0.0,1.0,1.0,1.0,1.0,1.0,0.0,,,,40284.0,9715.0,,,,0.0,0.0
"Log_(1, 1)",49999,float64,0.932938658773,0.250290575676,0.0,1.0,1.0,1.0,2.0,1.0,0.0,2.0,,,46642.0,3355.0,2.0,,,0.0,0.0
"Log_(1, 2)",49999,float64,1.07876157523,0.731203203398,0.0,1.0,1.0,1.0,10.0,1.0,0.0,2.0,3.0,4.0,33835.0,7490.0,6769.0,1345.0,369.0,191.0,0.0
"Log_(1, 4)",49999,float64,0.0684813696274,0.290092678223,0.0,0.0,0.0,0.0,8.0,0.0,1.0,2.0,3.0,4.0,46934.0,2802.0,199.0,44.0,14.0,6.0,0.0
"Log_(2, 1)",49999,float64,0.932778655573,0.250567141867,0.0,1.0,1.0,1.0,2.0,1.0,0.0,2.0,,,46634.0,3363.0,2.0,,,0.0,0.0
"Log_(2, 7)",49999,float64,0.0233604672093,0.194360002363,0.0,0.0,0.0,0.0,13.0,0.0,1.0,2.0,3.0,4.0,49036.0,821.0,112.0,18.0,5.0,7.0,0.0
"Log_(4, 1)",49999,float64,0.942898857977,0.327114360649,0.0,1.0,1.0,1.0,36.0,1.0,0.0,2.0,5.0,4.0,46603.0,3218.0,124.0,14.0,14.0,26.0,0.0
"Log_(4, 7)",49999,float64,0.388327766555,1.25975713581,0.0,0.0,0.0,0.0,123.0,0.0,1.0,2.0,3.0,4.0,37954.0,8635.0,2142.0,626.0,241.0,401.0,0.0
"Log_(-10, 13)",49999,float64,0.147302946059,0.504551740602,0.0,0.0,0.0,0.0,36.0,0.0,1.0,2.0,3.0,4.0,43846.0,5515.0,401.0,116.0,54.0,67.0,0.0
"Log_(3, 1)",49999,float64,0.147322946459,0.449248769065,0.0,0.0,0.0,0.0,21.0,0.0,1.0,2.0,3.0,4.0,43569.0,5855.0,402.0,99.0,39.0,35.0,0.0
"Log_(2, 21)",49999,float64,0.631772635453,8.63100985361,0.0,0.0,0.0,1.0,1924.0,0.0,1.0,2.0,3.0,4.0,26551.0,17418.0,5878.0,134.0,11.0,7.0,0.0
"Log_(99, 6)",49999,float64,0.686833736675,2.86028951388,0.0,0.0,0.0,0.0,162.0,0.0,2.0,1.0,3.0,4.0,43660.0,1157.0,1052.0,897.0,661.0,2572.0,0.0
"Log_(1, 6)",49999,float64,0.0302606052121,0.574279989192,0.0,0.0,0.0,0.0,55.0,0.0,1.0,2.0,3.0,4.0,49078.0,846.0,23.0,8.0,7.0,37.0,0.0
"Log_(1, 20)",49999,float64,0.936158723174,0.40710072725,0.0,1.0,1.0,1.0,34.0,1.0,0.0,2.0,3.0,4.0,44553.0,4512.0,753.0,106.0,38.0,37.0,0.0
"Log_(2, 3)",49999,float64,0.364527290546,8.2294368858,0.0,0.0,0.0,0.0,1130.0,0.0,1.0,2.0,3.0,4.0,49098.0,279.0,109.0,60.0,35.0,418.0,0.0
"Log_(2, 11)",49999,float64,0.00616012320246,0.165297146276,0.0,0.0,0.0,0.0,17.0,0.0,1.0,2.0,3.0,4.0,49852.0,86.0,29.0,12.0,9.0,11.0,0.0
"Log_(10, 0)",49999,float64,0.029920598412,0.17036999951,0.0,0.0,0.0,0.0,1.0,0.0,1.0,,,,48503.0,1496.0,,,,0.0,0.0
"Log_(100, 6)",49999,float64,0.191683833677,3.96450334017,0.0,0.0,0.0,0.0,355.0,0.0,1.0,2.0,3.0,4.0,48921.0,323.0,141.0,87.0,68.0,459.0,0.0
"Log_(10, 20)",49999,float64,0.0321006420128,0.195015616388,0.0,0.0,0.0,0.0,5.0,0.0,1.0,2.0,3.0,4.0,48534.0,1350.0,97.0,13.0,3.0,2.0,0.0
"Log_(107, 6)",49999,float64,1.01842036841,7.27719169719,0.0,0.0,0.0,0.0,824.0,0.0,1.0,2.0,3.0,4.0,44228.0,1071.0,700.0,528.0,465.0,3007.0,0.0
"Log_(1, 21)",49999,float64,0.00708014160283,0.135316684195,0.0,0.0,0.0,0.0,7.0,0.0,1.0,2.0,3.0,4.0,49821.0,71.0,64.0,25.0,12.0,6.0,0.0
"Log_(4, 19)",49999,float64,0.0521810436209,2.72439976643,0.0,0.0,0.0,0.0,481.0,0.0,1.0,2.0,3.0,4.0,49643.0,171.0,50.0,38.0,20.0,77.0,0.0
"Log_(4, 0)",49999,float64,0.00442008840177,0.066337314046,0.0,0.0,0.0,0.0,1.0,0.0,1.0,,,,49778.0,221.0,,,,0.0,0.0
"Log_(102, 6)",49999,float64,0.00740014800296,0.406142631323,0.0,0.0,0.0,0.0,69.0,0.0,1.0,2.0,3.0,11.0,49926.0,37.0,10.0,4.0,3.0,19.0,0.0
"Log_(12, 0)",49999,float64,0.0981819636393,0.297563500066,0.0,0.0,0.0,0.0,1.0,0.0,1.0,,,,45090.0,4909.0,,,,0.0,0.0
"Log_(4, 6)",49999,float64,0.131582631653,4.13514574526,0.0,0.0,0.0,0.0,614.0,0.0,1.0,2.0,3.0,4.0,49092.0,418.0,140.0,70.0,58.0,221.0,0.0
"Log_(2, 0)",49999,float64,0.00144002880058,0.0379207578759,0.0,0.0,0.0,0.0,1.0,0.0,1.0,,,,49927.0,72.0,,,,0.0,0.0
"Log_(2, 2)",49999,float64,0.0060001200024,0.113333636051,0.0,0.0,0.0,0.0,7.0,0.0,1.0,2.0,3.0,4.0,49807.0,124.0,44.0,13.0,8.0,3.0,0.0
"Log_(2, 6)",49999,float64,0.00344006880138,0.194601338512,0.0,0.0,0.0,0.0,28.0,0.0,1.0,3.0,2.0,5.0,49933.0,44.0,7.0,7.0,3.0,5.0,0.0
"Log_(2, 20)",49999,float64,0.00346006920138,0.0590607118758,0.0,0.0,0.0,0.0,2.0,0.0,1.0,2.0,,,49827.0,171.0,1.0,,,0.0,0.0
"Log_(2, 10)",49999,float64,0.0195603912078,0.398777832506,0.0,0.0,0.0,0.0,49.0,0.0,1.0,2.0,3.0,4.0,49524.0,336.0,62.0,23.0,16.0,38.0,0.0
"Log_(103, 6)",49999,float64,0.0157403148063,0.499381840613,0.0,0.0,0.0,0.0,50.0,0.0,1.0,3.0,2.0,5.0,49889.0,29.0,10.0,9.0,9.0,53.0,0.0
"Log_(104, 6)",49999,float64,0.00272005440109,0.357711783089,0.0,0.0,0.0,0.0,77.0,0.0,1.0,2.0,7.0,13.0,49981.0,9.0,3.0,1.0,1.0,4.0,0.0
"Log_(9, 0)",49999,float64,0.00104002080042,0.0322329014636,0.0,0.0,0.0,0.0,1.0,0.0,1.0,,,,49947.0,52.0,,,,0.0,0.0
"Log_(9, 6)",49999,float64,0.00260005200104,0.163567447976,0.0,0.0,0.0,0.0,23.0,0.0,1.0,2.0,3.0,7.0,49959.0,21.0,7.0,4.0,2.0,6.0,0.0
"Log_(5, 0)",49999,float64,0.00184003680074,0.042856595756,0.0,0.0,0.0,0.0,1.0,0.0,1.0,,,,49907.0,92.0,,,,0.0,0.0
"Log_(8, 0)",49999,float64,0.00020000400008,0.0141410041341,0.0,0.0,0.0,0.0,1.0,0.0,1.0,,,,49989.0,10.0,,,,0.0,0.0
"Log_(8, 6)",49999,float64,0.00128002560051,0.110629341141,0.0,0.0,0.0,0.0,17.0,0.0,1.0,2.0,3.0,17.0,49979.0,9.0,6.0,2.0,1.0,2.0,0.0
"Log_(0, 0)",49999,float64,0.000180003600072,0.0134154686218,0.0,0.0,0.0,0.0,1.0,0.0,1.0,,,,49990.0,9.0,,,,0.0,0.0
"Log_(3, 6)",49999,float64,0.000440008800176,0.0433576013104,0.0,0.0,0.0,0.0,9.0,0.0,1.0,9.0,,,49985.0,13.0,1.0,,,0.0,0.0
"Log_(6, 6)",49999,float64,4.0000800016e-05,0.00632455531781,0.0,0.0,0.0,0.0,1.0,0.0,1.0,,,,49997.0,2.0,,,,0.0,0.0
"Log_(3, 21)",49999,float64,0.000160003200064,0.0126483516207,0.0,0.0,0.0,0.0,1.0,0.0,1.0,,,,49991.0,8.0,,,,0.0,0.0
"Log_(6, 0)",49999,float64,0.000180003600072,0.0134154686218,0.0,0.0,0.0,0.0,1.0,0.0,1.0,,,,49990.0,9.0,,,,0.0,0.0
"Log_(101, 6)",49999,float64,0.0005000100002,0.0906646502124,0.0,0.0,0.0,0.0,20.0,0.0,1.0,3.0,20.0,,49995.0,2.0,1.0,1.0,,0.0,0.0
"Log_(2, 16)",49999,float64,2.0000400008e-05,0.00447218067703,0.0,0.0,0.0,0.0,1.0,0.0,1.0,,,,49998.0,1.0,,,,0.0,0.0
"Log_(2000, 6)",49999,float64,0.00790015800316,0.130223911331,0.0,0.0,0.0,0.0,9.0,0.0,1.0,2.0,3.0,5.0,49733.0,183.0,60.0,14.0,3.0,6.0,0.0
"Log_(3000, 0)",49999,float64,0.000140002800056,0.0118315679032,0.0,0.0,0.0,0.0,1.0,0.0,1.0,,,,49992.0,7.0,,,,0.0,0.0
"Log_(3001, 6)",49999,float64,0.00206004120082,0.168335646227,0.0,0.0,0.0,0.0,25.0,0.0,12.0,10.0,2.0,15.0,49987.0,2.0,2.0,2.0,1.0,5.0,0.0
"Log_(11, 0)",49999,float64,0.00010000200004,0.00999969997349,0.0,0.0,0.0,0.0,1.0,0.0,1.0,,,,49994.0,5.0,,,,0.0,0.0
"Log_(22, 22)",49999,float64,0.0144802896058,2.26117554427,0.0,0.0,0.0,0.0,432.0,0.0,30.0,432.0,261.0,1.0,49995.0,1.0,1.0,1.0,1.0,0.0,0.0
"Log_(300, 20)",49999,float64,0.0345806916138,0.187151277602,0.0,0.0,0.0,0.0,4.0,0.0,1.0,2.0,3.0,4.0,48303.0,1670.0,20.0,5.0,1.0,0.0,0.0
"Log_(303, 20)",49999,float64,0.00452009040181,0.0670801698071,0.0,0.0,0.0,0.0,1.0,0.0,1.0,,,,49773.0,226.0,,,,0.0,0.0
"Log_(307, 20)",49999,float64,0.0247804956099,0.155585692128,0.0,0.0,0.0,0.0,2.0,0.0,1.0,2.0,,,48761.0,1237.0,1.0,,,0.0,0.0
"Log_(302, 20)",49999,float64,0.00766015320306,0.0874164108827,0.0,0.0,0.0,0.0,2.0,0.0,1.0,2.0,,,49617.0,381.0,1.0,,,0.0,0.0
"Log_(1000, 23)",49999,float64,0.00666013320266,0.254279825865,0.0,0.0,0.0,0.0,20.0,0.0,1.0,2.0,4.0,6.0,49928.0,26.0,10.0,9.0,3.0,23.0,0.0
"Log_(304, 20)",49999,float64,0.00308006160123,0.0554133218253,0.0,0.0,0.0,0.0,1.0,0.0,1.0,,,,49845.0,154.0,,,,0.0,0.0
"Log_(310, 20)",49999,float64,0.000620012400248,0.0248925767635,0.0,0.0,0.0,0.0,1.0,0.0,1.0,,,,49968.0,31.0,,,,0.0,0.0
"Log_(305, 20)",49999,float64,0.00080001600032,0.028273520525,0.0,0.0,0.0,0.0,1.0,0.0,1.0,,,,49959.0,40.0,,,,0.0,0.0
"Log_(1001, 23)",49999,float64,4.0000800016e-05,0.00632455531781,0.0,0.0,0.0,0.0,1.0,0.0,1.0,,,,49997.0,2.0,,,,0.0,0.0
"Log_(200, 0)",49999,float64,0.000120002400048,0.0109540129326,0.0,0.0,0.0,0.0,1.0,0.0,1.0,,,,49993.0,6.0,,,,0.0,0.0
"Log_(207, 0)",49999,float64,0.000240004800096,0.0154903840149,0.0,0.0,0.0,0.0,1.0,0.0,1.0,,,,49987.0,12.0,,,,0.0,0.0
Userupdate_FirstTime,49999,float64,-27.7037140743,70.9492867368,-777.0,-14.0,-8.0,-5.0,0.0,-5.0,-6.0,-4.0,-7.0,-8.0,4205.0,4069.0,4022.0,3823.0,3403.0,30477.0,0.0
Userupdate_Count,49999,float64,12.426148523,5.31328055973,0.0,11.0,12.0,14.0,92.0,12.0,13.0,2.0,14.0,9.0,18721.0,5476.0,3712.0,3387.0,3351.0,15352.0,0.0
Userupdate_DayFreq,49999,float64,0.157819734296,0.129874392203,0.0,0.0769230769231,0.125,0.2,1.0,0.166666666667,0.2,0.25,0.142857142857,0.125,3712.0,3660.0,3406.0,3358.0,3101.0,32762.0,0.0
Userupdate_Cats,49999,int64,11.2732454649,3.36523868432,0.0,11.0,12.0,13.0,31.0,12,13,9,11,2,19305.0,8396.0,4940.0,3862.0,3770.0,9726.0,0.0
Userupdate__educationid,49999,float64,0.940138802776,0.401202127686,0.0,1.0,1.0,1.0,9.0,1.0,0.0,2.0,3.0,4.0,43374.0,4998.0,1383.0,171.0,38.0,35.0,0.0
Userupdate__hasbuycar,49999,float64,0.937598751975,0.376074220595,0.0,1.0,1.0,1.0,8.0,1.0,0.0,2.0,3.0,4.0,44074.0,4679.0,1049.0,133.0,34.0,30.0,0.0
Userupdate__idnumber,49999,float64,0.240364807296,0.462508888019,0.0,0.0,0.0,0.0,15.0,0.0,1.0,2.0,3.0,4.0,38391.0,11358.0,173.0,42.0,14.0,21.0,0.0
Userupdate__lastupdatedate,49999,float64,0.779935598712,1.73762867207,0.0,0.0,0.0,1.0,51.0,0.0,1.0,2.0,3.0,4.0,32757.0,8693.0,4076.0,1773.0,1045.0,1655.0,0.0
Userupdate__marriagestatusid,49999,float64,0.929838596772,0.378421992064,0.0,1.0,1.0,1.0,8.0,1.0,0.0,2.0,3.0,4.0,43927.0,4945.0,934.0,128.0,35.0,30.0,0.0
Userupdate__mobilephone,49999,float64,0.9988199764,0.650473313975,0.0,1.0,1.0,1.0,17.0,1.0,0.0,2.0,3.0,4.0,36255.0,7741.0,4961.0,686.0,195.0,161.0,0.0
Userupdate__qq,49999,float64,0.902918058361,0.394133858944,0.0,1.0,1.0,1.0,8.0,1.0,0.0,2.0,3.0,4.0,42929.0,6096.0,810.0,108.0,28.0,28.0,0.0
Userupdate__realname,49999,float64,0.347366947339,0.64982729105,0.0,0.0,0.0,1.0,15.0,0.0,1.0,2.0,3.0,4.0,35724.0,12223.0,1408.0,427.0,120.0,97.0,0.0
Userupdate__residencephone,49999,float64,0.951919038381,0.390095314429,0.0,1.0,1.0,1.0,8.0,1.0,0.0,2.0,3.0,4.0,43833.0,4472.0,1446.0,178.0,39.0,31.0,0.0
Userupdate__residencetypeid,49999,float64,0.945498909978,0.385610734315,0.0,1.0,1.0,1.0,8.0,1.0,0.0,2.0,3.0,4.0,43875.0,4597.0,1304.0,156.0,35.0,32.0,0.0
Userupdate__residenceyears,49999,float64,0.947298945979,0.367760879344,0.0,1.0,1.0,1.0,8.0,1.0,0.0,2.0,3.0,4.0,44380.0,4275.0,1161.0,121.0,33.0,29.0,0.0
Userupdate__phone,49999,float64,0.12502250045,0.491120489256,0.0,0.0,0.0,0.0,10.0,0.0,1.0,2.0,3.0,4.0,45907.0,2604.0,1090.0,232.0,106.0,60.0,0.0
Userupdate__relationshipid,49999,float64,0.0716014320286,0.330390229539,0.0,0.0,0.0,0.0,5.0,0.0,1.0,2.0,3.0,4.0,47267.0,2061.0,530.0,111.0,24.0,6.0,0.0
Userupdate__age,49999,float64,0.0329206584132,0.181982352518,0.0,0.0,0.0,0.0,3.0,0.0,1.0,2.0,3.0,,48384.0,1585.0,29.0,1.0,,0.0,0.0
Userupdate__gender,49999,float64,0.0220004400088,0.147230626549,0.0,0.0,0.0,0.0,3.0,0.0,1.0,3.0,2.0,,48902.0,1095.0,1.0,1.0,,0.0,0.0
Userupdate__regstepid,49999,float64,0.0342206844137,0.247328556855,0.0,0.0,0.0,0.0,3.0,0.0,2.0,1.0,3.0,,48988.0,694.0,314.0,3.0,,0.0,0.0
Userupdate__byuserid,49999,float64,0.0127602552051,0.140705263094,0.0,0.0,0.0,0.0,13.0,0.0,1.0,2.0,3.0,4.0,49451.0,484.0,54.0,5.0,3.0,2.0,0.0
Userupdate__flag_uctobcp,49999,float64,0.0279805596112,0.240248647694,0.0,0.0,0.0,0.0,4.0,0.0,2.0,1.0,4.0,,49306.0,649.0,25.0,19.0,,0.0,0.0
Userupdate__flag_uctopvr,49999,float64,0.0238404768095,0.223144873968,0.0,0.0,0.0,0.0,4.0,0.0,2.0,4.0,1.0,,49413.0,549.0,19.0,18.0,,0.0,0.0
Userupdate__companyaddress,49999,float64,0.0305606112122,0.191174081984,0.0,0.0,0.0,0.0,4.0,0.0,1.0,2.0,3.0,4.0,48617.0,1260.0,101.0,18.0,3.0,0.0,0.0
Userupdate__department,49999,float64,0.0191003820076,0.149586355483,0.0,0.0,0.0,0.0,4.0,0.0,1.0,2.0,3.0,4.0,49130.0,787.0,79.0,2.0,1.0,0.0,0.0
Userupdate__turnover,49999,float64,0.0442808856177,0.39634016426,0.0,0.0,0.0,0.0,28.0,0.0,1.0,2.0,3.0,4.0,48795.0,724.0,260.0,127.0,33.0,60.0,0.0
Userupdate__companyphone,49999,float64,0.0430408608172,0.230888834153,0.0,0.0,0.0,0.0,5.0,0.0,1.0,2.0,3.0,4.0,48095.0,1702.0,164.0,31.0,6.0,1.0,0.0
Userupdate__companytypeid,49999,float64,0.012400248005,0.122011607636,0.0,0.0,0.0,0.0,4.0,0.0,1.0,2.0,4.0,3.0,49438.0,507.0,51.0,2.0,1.0,0.0,0.0
Userupdate__residenceaddress,49999,float64,0.891757835157,0.411935256689,0.0,1.0,1.0,1.0,8.0,1.0,0.0,2.0,3.0,4.0,42107.0,6785.0,950.0,98.0,30.0,29.0,0.0
Userupdate__companyname,49999,float64,0.0347406948139,0.204192987277,0.0,0.0,0.0,0.0,6.0,0.0,1.0,2.0,3.0,4.0,48433.0,1416.0,137.0,8.0,3.0,2.0,0.0
Userupdate__iscash,49999,float64,0.019980399608,0.149738734078,0.0,0.0,0.0,0.0,4.0,0.0,1.0,2.0,3.0,4.0,49064.0,877.0,53.0,4.0,1.0,0.0,0.0
Userupdate__workyears,49999,float64,0.0169603392068,0.13796055223,0.0,0.0,0.0,0.0,3.0,0.0,1.0,2.0,3.0,,49205.0,745.0,44.0,5.0,,0.0,0.0
Userupdate__incomefrom,49999,float64,0.0072401448029,0.0995388249415,0.0,0.0,0.0,0.0,7.0,0.0,1.0,2.0,3.0,4.0,49681.0,286.0,26.0,3.0,2.0,1.0,0.0
Userupdate__companysizeid,49999,float64,0.00328006560131,0.0602443902806,0.0,0.0,0.0,0.0,2.0,0.0,1.0,2.0,,,49844.0,146.0,9.0,,,0.0,0.0
Userupdate__nickname,49999,float64,0.0010000200004,0.0340447696696,0.0,0.0,0.0,0.0,2.0,0.0,1.0,2.0,,,49953.0,42.0,4.0,,,0.0,0.0
Userupdate__webshoptypeid,49999,float64,0.000340006800136,0.0184363226704,0.0,0.0,0.0,0.0,1.0,0.0,1.0,,,,49982.0,17.0,,,,0.0,0.0
Userupdate__webshopurl,49999,float64,0.00128002560051,0.0404774888588,0.0,0.0,0.0,0.0,3.0,0.0,1.0,2.0,3.0,,49943.0,49.0,6.0,1.0,,0.0,0.0
Userupdate__dormitoryphone,49999,float64,0.000840016800336,0.0316122501455,0.0,0.0,0.0,0.0,2.0,0.0,1.0,2.0,,,49961.0,34.0,4.0,,,0.0,0.0
Userupdate__schoolname,49999,float64,0.000660013200264,0.0354910520537,0.0,0.0,0.0,0.0,4.0,0.0,1.0,2.0,3.0,4.0,49977.0,14.0,6.0,1.0,1.0,0.0,0.0
Userupdate__graduatedate,49999,float64,6.0001200024e-05,0.00774588922462,0.0,0.0,0.0,0.0,1.0,0.0,1.0,,,,49996.0,3.0,,,,0.0,0.0
Userupdate__graduateschool,49999,float64,6.0001200024e-05,0.00774588922462,0.0,0.0,0.0,0.0,1.0,0.0,1.0,,,,49996.0,3.0,,,,0.0,0.0
Userupdate__idaddress,49999,float64,6.0001200024e-05,0.00774588922462,0.0,0.0,0.0,0.0,1.0,0.0,1.0,,,,49996.0,3.0,,,,0.0,0.0
Userupdate__hasppdaiaccount,49999,float64,2.0000400008e-05,0.00447218067703,0.0,0.0,0.0,0.0,1.0,0.0,1.0,,,,49998.0,1.0,,,,0.0,0.0
Userupdate__phonetype,49999,float64,2.0000400008e-05,0.00447218067703,0.0,0.0,0.0,0.0,1.0,0.0,1.0,,,,49998.0,1.0,,,,0.0,0.0
Userupdate__ppdaiaccount,49999,float64,2.0000400008e-05,0.00447218067703,0.0,0.0,0.0,0.0,1.0,0.0,1.0,,,,49998.0,1.0,,,,0.0,0.0
Userupdate__secondemail,49999,float64,2.0000400008e-05,0.00447218067703,0.0,0.0,0.0,0.0,1.0,0.0,1.0,,,,49998.0,1.0,,,,0.0,0.0
Userupdate__secondmobile,49999,float64,2.0000400008e-05,0.00447218067703,0.0,0.0,0.0,0.0,1.0,0.0,1.0,,,,49998.0,1.0,,,,0.0,0.0
Userupdate__otherwebshoptype,49999,float64,4.0000800016e-05,0.00632455531781,0.0,0.0,0.0,0.0,1.0,0.0,1.0,,,,49997.0,2.0,,,,0.0,0.0
Userupdate__contactid,49999,float64,0.000760015200304,0.0389805485823,0.0,0.0,0.0,0.0,2.0,0.0,2.0,,,,49980.0,19.0,,,,0.0,0.0
Userupdate__creationdate,49999,float64,0.0015000300006,0.047516736721,0.0,0.0,0.0,0.0,2.0,0.0,1.0,2.0,,,49943.0,37.0,19.0,,,0.0,0.0
Userupdate__orderid,49999,float64,0.000380007600152,0.0194902742911,0.0,0.0,0.0,0.0,1.0,0.0,1.0,,,,49980.0,19.0,,,,0.0,0.0
Userupdate__userid,49999,float64,0.000760015200304,0.0389805485823,0.0,0.0,0.0,0.0,2.0,0.0,2.0,,,,49980.0,19.0,,,,0.0,0.0
Userupdate__bussinessaddress,49999,float64,0.0104402088042,0.107198245688,0.0,0.0,0.0,0.0,2.0,0.0,1.0,2.0,,,49506.0,464.0,29.0,,,0.0,0.0
Userupdate__hasbusinesslicense,49999,float64,0.00794015880318,0.0916367340685,0.0,0.0,0.0,0.0,2.0,0.0,1.0,2.0,,,49615.0,371.0,13.0,,,0.0,0.0
Userupdate__cityid,49999,float64,0.663633272665,0.5335832419,0.0,0.0,1.0,1.0,6.0,1.0,0.0,2.0,3.0,4.0,30548.0,18192.0,1179.0,56.0,15.0,9.0,0.0
Userupdate__districtid,49999,float64,0.672333446669,0.547383560482,0.0,0.0,1.0,1.0,6.0,1.0,0.0,2.0,3.0,4.0,30202.0,18163.0,1529.0,77.0,18.0,10.0,0.0
Userupdate__provinceid,49999,float64,0.659533190664,0.52717718722,0.0,0.0,1.0,1.0,6.0,1.0,0.0,2.0,3.0,4.0,30694.0,18213.0,1027.0,43.0,13.0,9.0,0.0
Userupdate__hassborgjj,49999,float64,0.00322006440129,0.0570066784077,0.0,0.0,0.0,0.0,2.0,0.0,1.0,2.0,,,49839.0,159.0,1.0,,,0.0,0.0
Userupdate__position,49999,float64,0.00582011640233,0.0771126758525,0.0,0.0,0.0,0.0,2.0,0.0,1.0,2.0,,,49712.0,283.0,4.0,,,0.0,0.0
